actions,PIMS ID,Product,Suppliers,Inventory Tags,Manufacturer,Buying Unit,Selling Unit,Buying Cost,Fixed Price,Non Billable,Markup,Selling Price,Dispensing Fee,Location,Priority,QOH Min,QOH Max
,VITALS43b,A-FAST Scan,,NOT FOR TRACKING,,Each,Each,0.0,no,yes,0.00%,,0,,,,
,ARBAL,A/R Balance from AVIMARK as of 4/8/26,,,,Each,Each,,no,no,,0.0,0,,,,
,ALAV,Abdominal Lavage,,,,Each,Each,0.0,no,no,,85.0,0,,,,
,ULT,Abdominal Ultrasound,,,,Each,Each,350.0,no,no,,460.0,0,,,,
,ABCDEB,Abscess Debridement,,,,Each,Each,0.0,no,no,,0.0,0,,,,
,121,Abscess-Clean/Medicate,,,,Each,Each,0.0,no,no,,66.5,0,,,,
,ACTHMI,ACTH STIM TEST ( Michigan),,,,Each,Each,32.0,no,no,,72.0,0,,,,
,LA,Acupuncture and Laser Therapy,,,,Each,Each,0.0,no,no,,99.5,0,,,,
,AFREELIB,Administer Freestyle Libre,,,,Each,Each,35.0,no,no,,42.5,0,,,,
,506A,Anesthesia - Induction,,,,Each,Each,0.0,no,no,,0.0,0,,,,
,Anesindadm,Anesthesia - Induction Admin.,,,,Each,Each,,yes,no,0.00%,15.5,0,,,,
,507,Anesthesia - Intravenous,,,,Each,Each,0.0,no,no,,47.5,0,,,,
,505A,Anesthesia - Isoflurane Add'l 15 min.,,,,Each,Each,0.0,no,no,,25.0,0,,,,
,505,Anesthesia - Isoflurane Initial 30 min.,,,,Each,Each,0.0,no,no,,75.5,0,,,,
,I508,Anesthesia - Local,,,,Each,Each,0.0,no,no,,44.5,0,,,,
,I508A,Anesthesia - Local / Intra-op,,,,Each,Each,0.0,no,no,,26.5,0,,,,
,506,Anesthesia - Premedication,,,,Each,Each,0.0,no,no,,15.5,0,,,,
,161,Anesthesia - Sedation,,,,Each,Each,0.0,no,no,,0.0,56.5,,,,
,IAML,Anesthesia Mask Lg,,,,Each,Each,39.07,no,no,,0.0,0,,,,
,AHE,Annual Health Exam w/ Vaccines,,NOT FOR TRACKING,,Each,Each,0.0,no,no,,62.0,0,,,,
,AAIRR,Antech AI Rapid Read Consult,,,,Each,Each,13.3,no,no,,37.5,0,,,,
,T785,Antech Baermann (Fecal Test),,,,Each,Each,130.56,no,no,,195.84,0,,,,
,ACDEA1.1,Antech Canine Blood Typing DEA 1.1 Only,,,,Each,Each,154.98,no,no,,348.7,0,,,,
,T978,Antech Canine Lepto PCR Blood/Urine,,,,Each,Each,123.07,no,no,,276.9,0,,,,
,T330,Antech CBC,,,,Each,Each,56.54,no,no,,127.21,0,,,,
,REVW,Antech CBC w/ Path Review,,,,Each,Each,50.22,no,no,,112.99,0,,,,
,SA090,"Antech CBC, CHEM25, T4, freeT4",,,,Each,Each,87.84,no,no,,197.64,0,,,,
,9523,"Antech CBC, CHEM25, T4, UA",,,,Each,Each,92.88,no,no,,199.69,0,,,,
,224,"Antech Cortisol, Resting ( 1 sample )",,,,Each,Each,101.11,no,no,,227.49,0,,,,
,T790,Antech Cryptosporidium & Giardia Fecal,,,,Each,Each,189.99,no,no,,284.98,0,,,,
,ADERMC,Antech Dermatopathology Consult,,,,Each,Each,323.24,no,no,,436.37,0,,,,
,T450,Antech Dexamethasone Suppression Test,,,,Each,Each,163.88,no,no,,257.62,0,,,,
,T805,Antech Fecal (Ova / Parasites ),,,,Each,Each,9.28,no,no,,37.12,0,,,,
,T808,Antech Fecal & Giardia ELISA,,,,Each,Each,18.64,no,no,,55.92,0,,,,
,SA622,"Antech Feline CBC, CHEM11, FELV, FIV",,,,Each,Each,51.54,no,no,,115.96,0,,,,
,S86493,Antech Flow Cytometry Test,,,,Each,Each,231.53,no,no,,0.0,0,,,,
,AIRC,Antech Imaging Radiologist Consult,,,,Each,Each,120.25,no,no,,193.5,0,,,,
,AUIC,Antech Imaging Ultrasound Consult,,,,Each,Each,330.0,no,no,,330.0,0,,,,
,T390,Antech Microflaria Knott's Test,,,,Each,Each,55.34,no,no,,124.51,0,,,,
,SA050,"Antech Pre-op CBC, CHEM9, PT, PTT, SDMA",,,,Each,Each,32.86,no,no,,82.15,0,,,,
,910,Antech Urinalysis,,,,Each,Each,22.27,no,no,,66.81,0,,,,
,VITALS23,Appetite - Food / Note,,NOT FOR TRACKING,,Each,Each,0.0,no,yes,0.00%,,0,,,,
,512,Application-Thomas Splint,,,,Each,Each,0.0,no,no,,175.0,0,,,,
,AQS,Apply Quick splint,,,,Each,Each,0.0,no,no,,165.0,0,,,,
,ASP,Apply Spoon Splint,,,,Each,Each,0.0,no,no,,69.5,0,,,,
,NONBILL026,Apply/Check E-Collar (on at all times),,,,Each,Each,,no,yes,0.00%,,0,,,,
,NONBILL200,Arterial Catheter Care,,,,Each,Each,,no,yes,0.00%,,0,,,,
,NONBILL134,Assess and Clean Skin Around Trach Tube,,,,Each,Each,,no,yes,0.00%,,0,,,,
,AFIP,Auburn - Feline FIP mRNA PCR Test,,,,Each,Each,90.0,no,no,,155.0,0,,,,
,AXVITALS158,AX - CRI - Buprenorphine (mg/kg/hr),,NOT FOR TRACKING,,Milligram per Kilogram per Hour,Milligram per Kilogram per Hour,0.0,no,yes,0.00%,,0,,,,
,AXVITALS160,AX - CRI - Butorphanol (mg/kg/hr),,NOT FOR TRACKING,,Milligram per Kilogram per Hour,Milligram per Kilogram per Hour,0.0,no,yes,0.00%,,0,,,,
,AXVITALS168,AX - CRI - Dexmedetomidine (mcg/kg/hr),,NOT FOR TRACKING,,Microgram per Kilogram per Hour,Microgram per Kilogram per Hour,0.0,no,yes,0.00%,,0,,,,
,AXVITALS176,AX - CRI - Dobutamine (mcg/kg/min),,NOT FOR TRACKING,,Microgram per Kilogram per Minute,Microgram per Kilogram per Minute,0.0,no,yes,0.00%,,0,,,,
,AXVITALS178,AX - CRI - Dopamine (mcg/kg/min),,NOT FOR TRACKING,,Microgram per Kilogram per Minute,Microgram per Kilogram per Minute,0.0,no,yes,0.00%,,0,,,,
,AXVITALS191,AX - CRI - Fentanyl (mg/kg/hr),,NOT FOR TRACKING,,Milligram per Kilogram per Hour,Milligram per Kilogram per Hour,0.0,no,yes,0.00%,,0,,,,
,AXVITALS375,AX - CRI - Fentanyl/Lidocaine/Ketamine (mg/kg/hr),,NOT FOR TRACKING,,Milligram per Kilogram per Hour,Milligram per Kilogram per Hour,0.0,no,yes,0.00%,,0,,,,
,AXVITALS193,AX - CRI - Fentanyl/Lidocaine/Ketamine (mL/hr),,NOT FOR TRACKING,,Milliliter per Hour,Milliliter per Hour,0.0,no,yes,0.00%,,0,,,,
,AXVITALS376,AX - CRI - Hydromorphone/Lidocaine/Ketamine (mg/kg/hr),,NOT FOR TRACKING,,Milligram per Kilogram per Hour,Milligram per Kilogram per Hour,0.0,no,yes,0.00%,,0,,,,
,AXVITALS296,AX - CRI - Hydromorphone/Lidocaine/Ketamine (mL/hr),,NOT FOR TRACKING,,Milliliter per Hour,Milliliter per Hour,0.0,no,yes,0.00%,,0,,,,
,AXVITALS213,AX - CRI - Lidocaine (mg/kg/hr),,NOT FOR TRACKING,,Milligram per Kilogram per Hour,Milligram per Kilogram per Hour,0.0,no,yes,0.00%,,0,,,,
,VITALS377,AX - CRI - Morphine/Lidocaine/Ketamine (mg/kg/hr),,NOT FOR TRACKING,,Milligram per Kilogram per Hour,Milligram per Kilogram per Hour,0.0,no,yes,0.00%,,0,,,,
,AXVITALS244,AX - CRI - Morphine/Lidocaine/Ketamine (mL/hr),,NOT FOR TRACKING,,Milliliter per Hour,Milliliter per Hour,0.0,no,yes,0.00%,,0,,,,
,AXVITAL144,AX - IV Fluid Bolus,,NOT FOR TRACKING,,Milliliter,Milliliter,,no,yes,0.00%,,0,,,,
,AXVITAL145,AX - IV Fluids - 0.45% NaCl,,NOT FOR TRACKING,,Milliliter per Hour,Milliliter per Hour,0.0,no,yes,0.00%,,0,,,,
,AXVITAL146,AX - IV Fluids - 0.45% NaCl + 5% Dextrose,,NOT FOR TRACKING,,Milliliter per Hour,Milliliter per Hour,0.0,no,yes,0.00%,,0,,,,
,AXVITAL147,AX - IV Fluids - 0.9% NaCl,,NOT FOR TRACKING,,Milliliter per Hour,Milliliter per Hour,0.0,no,yes,0.00%,,0,,,,
,AXVITAL148,AX - IV Fluids - D5W,,NOT FOR TRACKING,,Milliliter per Hour,Milliliter per Hour,0.0,no,yes,0.00%,,0,,,,
,AXVITAL149,AX - IV Fluids - Hetastarch/Vetstarch,,NOT FOR TRACKING,,Milliliter per Hour,Milliliter per Hour,0.0,no,yes,0.00%,,0,,,,
,AXVITAL150,AX - IV Fluids - Hypertonic Saline,,NOT FOR TRACKING,,Milliliter,Milliliter,0.0,no,yes,0.00%,,0,,,,
,AXVITAL151,AX - IV Fluids - LRS,,NOT FOR TRACKING,,Milliliter per Hour,Milliliter per Hour,0.0,no,yes,0.00%,,0,,,,
,AXVITAL152,AX - IV Fluids - Normosol R,,NOT FOR TRACKING,,Milliliter per Hour,Milliliter per Hour,0.0,no,yes,0.00%,,0,,,,
,AXVITAL153,AX - IV Fluids - Other,,NOT FOR TRACKING,,Milliliter per Hour,Milliliter per Hour,0.0,no,yes,0.00%,,0,,,,
,AXVITAL154,AX - IV Fluids - Plasmalyte,,NOT FOR TRACKING,,Milliliter per Hour,Milliliter per Hour,0.0,no,yes,0.00%,,0,,,,
,AXVITAL176,AX - Transfusion - Albumin (Canine),,NOT FOR TRACKING,,Milliliter per Hour,Milliliter per Hour,0.0,no,yes,0.00%,,0,,,,
,AXVITAL177,AX - Transfusion - Albumin (Human),,NOT FOR TRACKING,,Milliliter per Hour,Milliliter per Hour,0.0,no,yes,0.00%,,0,,,,
,AXVITAL178,AX - Transfusion - Cryoprecipitate,,NOT FOR TRACKING,,Milliliter per Hour,Milliliter per Hour,0.0,no,yes,0.00%,,0,,,,
,AXVITAL179,AX - Transfusion - IVIG,,NOT FOR TRACKING,,Milliliter per Hour,Milliliter per Hour,0.0,no,yes,0.00%,,0,,,,
,AXVITAL180,AX - Transfusion - Other,,NOT FOR TRACKING,,Milliliter per Hour,Milliliter per Hour,0.0,no,yes,0.00%,,0,,,,
,AXVITAL181,AX - Transfusion - Plasma (Cryo-poor),,NOT FOR TRACKING,,Milliliter per Hour,Milliliter per Hour,0.0,no,yes,0.00%,,0,,,,
,AXVITAL182,AX - Transfusion - Plasma (FFP),,NOT FOR TRACKING,,Milliliter per Hour,Milliliter per Hour,0.0,no,yes,0.00%,,0,,,,
,AXVITAL183,AX - Transfusion - Plasma (FP),,NOT FOR TRACKING,,Milliliter per Hour,Milliliter per Hour,0.0,no,yes,0.00%,,0,,,,
,AXVITAL184,AX - Transfusion - pRBC,,NOT FOR TRACKING,,Milliliter per Hour,Milliliter per Hour,0.0,no,yes,0.00%,,0,,,,
,AXVITAL185a,AX - Transfusion - Whole Blood (donor blood),,NOT FOR TRACKING,,Milliliter per Hour,Milliliter per Hour,0.0,no,yes,0.00%,,0,,,,
,AXVITAL185,AX - Transfusion - Whole Blood (stored blood),,NOT FOR TRACKING,,Milliliter per Hour,Milliliter per Hour,0.0,no,yes,0.00%,,0,,,,
,AXVITALS421,AX - Volume Infused CRI,,NOT FOR TRACKING,,Each,Each,0.0,no,yes,0.00%,,0,,,,
,AXVITAL006,AX Blood Pressure (Diastolic),,NOT FOR TRACKING,,Each,Each,0.0,no,yes,0.00%,,0,,,,
,AXVITAL008,AX Blood Pressure (Doppler),,NOT FOR TRACKING,,Each,Each,0.0,no,yes,0.00%,,0,,,,
,AXVITAL007,AX Blood Pressure (Mean),,NOT FOR TRACKING,,Each,Each,0.0,no,yes,0.00%,,0,,,,
,AXVITAL005,AX Blood Pressure (Systolic),,NOT FOR TRACKING,,Each,Each,0.0,no,yes,0.00%,,0,,,,
,AXVITAL004,AX Oxygen Administration L/min,,NOT FOR TRACKING,,Each,Each,0.0,no,yes,0.00%,,0,,,,
,AXVITAL009,AX Pulse Oximetry (SpO2),,NOT FOR TRACKING,,Each,Each,0.0,no,yes,0.00%,,0,,,,
,BAS,Barium Administration,,,,Each,Each,0.0,no,no,,28.5,0,,,,
,BSCSUP,Basic Surgery Supplies,,,,Each,Each,0.0,no,no,,75.0,0,,,,
,BS,Bath - 0-20#,,,,Each,Each,0.0,no,no,,25.5,0,,,,
,BM,Bath - 21-40#,,,,Each,Each,0.0,no,no,,33.5,0,,,,
,BL,Bath - 41-60#,,,,Each,Each,0.0,no,no,,39.5,0,,,,
,BXL,Bath - 61-98#,,,,Each,Each,0.0,no,no,,45.75,0,,,,
,BXXL,Bath - 99-100# +,,,,Each,Each,0.0,no,no,,54.5,0,,,,
,BC,Bath - Courtesy,,,,Each,Each,0.0,no,no,,0.0,0,,,,
,BF,Bath - Feline,,,,Each,Each,0.0,no,no,,36.5,0,,,,
,BWW,Bath - Washy Wednesday,,,,Each,Each,0.0,no,no,,15.0,0,,,,
,UTBIOPSY,Biopsy Submission to UT (3 Samples),,,,Each,Each,130.0,no,no,,292.5,0,,,,
,UTBIOPAD,Biopsy Submission to UT (Add. Site),,,,Each,Each,27.0,no,no,,60.75,0,,,,
,516,Biopsy-Cutaneous,,,,Each,Each,0.0,no,no,,85.0,0,,,,
,517,Biopsy-Liver/Kidney,,,,Each,Each,0.0,no,no,,0.0,0,,,,
,518,Biopsy-Lymph Node,,,,Each,Each,0.0,no,no,,0.0,0,,,,
,BLADDCA,Bladder Contrast Administration,,,,Each,Each,10.0,no,no,,19.5,0,,,,
,NONBILL008,Blood Draw,,,,Each,Each,,no,yes,0.00%,,0,,,,
,VITALS33,Blood Glucose (BG),,NOT FOR TRACKING,,Each,Each,0.0,no,yes,0.00%,,0,,,,
,VITALS39,Blood Ketones,,NOT FOR TRACKING,,Each,Each,0.0,no,yes,0.00%,,0,,,,
,VITALS35,Blood Pressure (diastolic),,NOT FOR TRACKING,,Each,Each,0.0,no,yes,0.00%,,0,,,,
,VITALS36,Blood Pressure (mean),,NOT FOR TRACKING,,Each,Each,0.0,no,yes,0.00%,,0,,,,
,VITALS34,Blood Pressure (systolic),,NOT FOR TRACKING,,Each,Each,0.0,no,yes,0.00%,,0,,,,
,BP,Blood Pressure Check (Record Vital),,NOT FOR TRACKING,,Each,Each,0.0,no,no,,34.5,0,,,,
,366,Blood Tranfusion - Cat & Dog <15lb,,,,Each,Each,0.0,no,no,,285.0,0,,,,
,365,Blood Transfusion Dog 15lb & up,,,,Each,Each,0.0,no,no,,470.0,0,,,,
,BRDM,Boarding 21-40#,,,,Each,Each,0.0,no,no,,29.75,0,,,,
,BRDL,Boarding 41-60#,,,,Each,Each,0.0,no,no,,34.75,0,,,,
,BRDXL,Boarding 61#>,,,,Each,Each,0.0,no,no,,39.75,0,,,,
,BMADFEE,Boarding Med Administration Fee Per Day,,,,Each,Each,0.0,no,no,,6.0,0,,,,
,BRDS,Boarding Small 0-20lbs,,,,Each,Each,0.0,no,no,,24.75,0,,,,
,BRDF,Boarding-Feline,,,,Each,Each,0.0,no,no,,36.75,0,,,,
,MC,Body Clip - Medically Necessary,,,,Each,Each,0.0,no,no,,99.5,0,,,,
,BMB,Bone Marrow Biopsy,,,,Each,Each,0.0,no,no,,38.5,0,,,,
,VAX002,Bordetella Injectable Vaccine,,Vaccines,,Dose,Dose,0.0,no,no,,0.0,0,Eustis Veterinary Hospital,,20,60
,VAX003,Bordetella Intranasal Vaccine,,Vaccines,,Dose,Dose,0.0,no,no,,0.0,0,,,,
,VAX004,Bordetella Oral Vaccine,,Vaccines,,Dose,Dose,7.56,no,no,,25.5,0,,,,
,BAL,BronchoAlveolar Lavage,,,,Each,Each,0.0,no,no,,75.0,0,,,,
,BRUSH,Brush Out / Sanitary Clip,,,,Each,Each,0.0,no,no,,24.5,0,,,,
,BUFC,Buffy Coat Check for Mast Cells,,,,Each,Each,99.57,no,no,,224.03,0,,,,
,NONBILL178,Call to Check Out Client,,,,Each,Each,,no,yes,0.00%,,0,,,,
,VAX005,Canine Influenza Vaccine H3N2,,Vaccines,,Dose,Dose,0.0,no,no,,0.0,0,,,,
,VAX006,Canine Influenza Vaccine H3N8,,Vaccines,,Dose,Dose,0.0,no,no,,0.0,0,,,,
,VAX007,Canine Influenza Vaccine H3N8 & H3N2 Bivalent Vaccine,,Vaccines,,Dose,Dose,0.0,no,no,,0.0,0,,,,
,CR,Cast Repair,,,,Each,Each,0.0,no,no,,45.5,0,,,,
,NONBILL-CEFTINJ1,Ceftazidime Injection 1gm (100mg/mL),,,,Milliliter,Milliliter,,no,yes,0.00%,,0,,,,
,NONBILL016,Change CRI,,,,Each,Each,,no,yes,0.00%,,0,,,,
,NONBILL017,Change IV Catheter,,,,Each,Each,,no,yes,0.00%,,0,,,,
,NONBILL018,Change IV Fluids,,,,Each,Each,,no,yes,0.00%,,0,,,,
,NONBILL137,Change Oxygen %,,,,Each,Each,,no,yes,0.00%,,0,,,,
,NONBILL185,Check / Apply Figure 8 / Body Wrap,,,,Each,Each,,no,yes,0.00%,,0,,,,
,NONBILL188,Check / Apply Tail Guard,,,,Each,Each,,no,yes,0.00%,,0,,,,
,NONBILL020,Check / Clean Eyes,,,,Each,Each,,no,yes,0.00%,,0,,,,
,NONBILL184,Check / Clean Pin Tracts,,,,Each,Each,,no,yes,0.00%,,0,,,,
,NONBILL138,Check Airway,,,,Each,Each,,no,yes,0.00%,,0,,,,
,NONBILL021,Check All Connections are Closed,,,,Each,Each,,no,yes,0.00%,,0,,,,
,NONBILL167,Check Bandage (+/- Toes),,,,Each,Each,,no,yes,0.00%,,0,,,,
,NONBILL022,Check Central Line Catheter / Maintenance,,,,Each,Each,,no,yes,0.00%,,0,,,,
,NONBILL025,Check Connections / Ports / Tubing,,,,Each,Each,,no,yes,0.00%,,0,,,,
,NONBILL027,Check Endotracheal Tube / Maintenance,,,,Each,Each,,no,yes,0.00%,,0,,,,
,NONBILL193,Check Esophagostomy (E-tube) Placement,,,,Each,Each,,no,yes,0.00%,,0,,,,
,NONBILL189,Check Feet for Lesions,,,,Each,Each,,no,yes,0.00%,,0,,,,
,NONBILL029,Check for Hotspots / Redness / Skin Irritation,,,,Each,Each,,no,yes,0.00%,,0,,,,
,NONBILL031,Check Holter Monitor,,,,Each,Each,,no,yes,0.00%,,0,,,,
,NONBILL032,Check Incision / Wound,,,,Each,Each,,no,yes,0.00%,,0,,,,
,NONBILL033,Check IV Catheter / Maintenance,,,,Each,Each,,no,yes,0.00%,,0,,,,
,NONBILL030,Check Limb,,,,Each,Each,,no,yes,0.00%,,0,,,,
,NONBILL036,Check Nasal Cannula,,,,Each,Each,,no,yes,0.00%,,0,,,,
,NONBILL183,Check Neuro Status,,,,Each,Each,,no,yes,0.00%,,0,,,,
,NONBILL139,Check Oxygen Cage Soda Lime / Drip Tray,,,,Each,Each,,no,yes,0.00%,,0,,,,
,NONBILL041,Check Oxygen Cage Temperature/Humidity,,,,Each,Each,,no,yes,0.00%,,0,,,,
,NONBILL038,Check Pain Patch,,,,Each,Each,,no,yes,0.00%,,0,,,,
,NONBILL039,Check Paws,,,,Each,Each,,no,yes,0.00%,,0,,,,
,NONBILL168,Check Stay Sutures,,,,Each,Each,,no,yes,0.00%,,0,,,,
,NONBILL043,Check Tracheostomy Tube / Maintenance,,,,Each,Each,,no,yes,0.00%,,0,,,,
,NONBILL140,Check Vent Tubing/Filters/Humidifier,,,,Each,Each,,no,yes,0.00%,,0,,,,
,VITALS404,Chest Tube - Lavage (mL) (left side),,NOT FOR TRACKING,,Milliliter,Milliliter,0.0,no,yes,0.00%,,0,,,,
,VITALS404b,Chest Tube - Lavage (mL) (right side),,NOT FOR TRACKING,,Milliliter,Milliliter,0.0,no,yes,0.00%,,0,,,,
,CHT,Chest Tube Placement Procedure,,,,Each,Each,0.0,no,no,,45.0,0,,,,
,CRER,Clean & Restock Exam Rooms,,,,Each,Each,,no,yes,0.00%,,0,,,,
,CAET,Clean All Exam Tables,,,,Each,Each,,no,yes,0.00%,,0,,,,
,CBS,Clean Baby Scales,,,,Each,Each,,no,yes,0.00%,,0,,,,
,NONBILL044,Clean Cage / Run,,,,Each,Each,,no,yes,0.00%,,0,,,,
,NONBILL192,Clean E-tube with Chlorhexidine,,,,Each,Each,,no,yes,0.00%,,0,,,,
,NONBILL141,Clean Ears (no charge),,,,Each,Each,,no,yes,0.00%,,0,,,,
,NONBILL045,Clean Face / Nose / Eye Area,,,,Each,Each,,no,yes,0.00%,,0,,,,
,NONBILL142,Clean Hind End,,,,Each,Each,,no,yes,0.00%,,0,,,,
,CSSM,Clean Scale/Scale Mat,,,,Each,Each,,no,yes,0.00%,,0,,,,
,CSR,Clean Surgery/Restock,,,,Each,Each,,no,yes,0.00%,,0,,,,
,CWT,Clean Wet Table,,,,Each,Each,,no,yes,0.00%,,0,,,,
,CWCB,Clean/Wash Clippers & Blades,,,,Each,Each,,no,yes,0.00%,,0,,,,
,CFR,Clip Feet / Routine,,,,Each,Each,10.0,no,no,,19.5,0,,,,
,CMC,Clip Matts / Complicated,,,,Each,Each,0.0,no,no,,53.0,0,,,,
,CMR,Clip Matts / Routine,,,,Each,Each,0.0,no,no,,28.0,0,,,,
,NONBILL211,Collect 1hr Post-sample,,,,Each,Each,,no,yes,0.00%,,0,,,,
,NONBILL212,Collect 2hr Post-sample,,,,Each,Each,,no,yes,0.00%,,0,,,,
,NONBILL213,Collect 4hr Post-sample,,,,Each,Each,,no,yes,0.00%,,0,,,,
,NONBILL214,Collect 8hr Post-sample,,,,Each,Each,,no,yes,0.00%,,0,,,,
,NONBILL209,Collect Fecal Sample,,,,Each,Each,,no,yes,0.00%,,0,,,,
,NONBILL210,Collect Free Catch Urine Sample,,,,Each,Each,,no,yes,0.00%,,0,,,,
,VITALS25,Comfort / Pain Check (Pain Score),,NOT FOR TRACKING,,Each,Each,0.0,no,yes,0.00%,,0,,,,
,NONBILL177,Confirm patient is clean and IVC/bandages/dressings removed,,,,Each,Each,,no,yes,0.00%,,0,,,,
,198,Consultation without Exam,,,,Each,Each,0.0,no,no,,89.0,0,,,,
,INJFEE,Controlled  Substance Fee,,,,Each,Each,0.0,no,no,,7.25,0,,,,
,VITALS156,CRI - Bolus,,NOT FOR TRACKING,,Milliliter,Milliliter,0.0,no,yes,0.00%,,0,,,,
,VITALS158,CRI - Buprenorphine (mg/kg/hr),,NOT FOR TRACKING,,Milligram per Kilogram per Hour,Milligram per Kilogram per Hour,0.0,no,yes,0.00%,,0,,,,
,VITALS160,CRI - Butorphanol (mg/kg/hr),,NOT FOR TRACKING,,Milligram per Kilogram per Hour,Milligram per Kilogram per Hour,0.0,no,yes,0.00%,,0,,,,
,VITALS165,CRI - Calcium Gluconate (mg/kg/hr),,NOT FOR TRACKING,,Milligram per Kilogram per Hour,Milligram per Kilogram per Hour,0.0,no,yes,0.00%,,0,,,,
,VITALS168,CRI - Dexmedetomidine (mcg/kg/hr),,NOT FOR TRACKING,,Microgram per Kilogram per Hour,Microgram per Kilogram per Hour,0.0,no,yes,0.00%,,0,,,,
,VITALS176,CRI - Dobutamine (mcg/kg/min),,NOT FOR TRACKING,,Microgram per Kilogram per Minute,Microgram per Kilogram per Minute,0.0,no,yes,0.00%,,0,,,,
,VITALS178,CRI - Dopamine (mcg/kg/min),,NOT FOR TRACKING,,Microgram per Kilogram per Minute,Microgram per Kilogram per Minute,0.0,no,yes,0.00%,,0,,,,
,VITALS180,CRI - Epinephrine (mcg/kg/min),,NOT FOR TRACKING,,Microgram per Kilogram per Minute,Microgram per Kilogram per Minute,0.0,no,yes,0.00%,,0,,,,
,VITALS191,CRI - Fentanyl (mg/kg/hr),,NOT FOR TRACKING,,Milligram per Kilogram per Hour,Milligram per Kilogram per Hour,0.0,no,yes,0.00%,,0,,,,
,VITALS369,CRI - Fentanyl/Lidocaine/Ketamine (mg/kg/hr),,NOT FOR TRACKING,,Milligram per Kilogram per Hour,Milligram per Kilogram per Hour,0.0,no,yes,0.00%,,0,,,,
,VITALS197,CRI - Furosemide (mg/kg/hr),,NOT FOR TRACKING,,Milligram per Kilogram per Hour,Milligram per Kilogram per Hour,0.0,no,yes,0.00%,,0,,,,
,VITALS318,CRI - GoLytely / NG (mL/hr),,NOT FOR TRACKING,,Milliliter per Hour,Milliliter per Hour,0.0,no,yes,0.00%,,0,,,,
,VITALS372,CRI - Hetastarch 6% (mL/kg/hr),,NOT FOR TRACKING,,Milliliter per Kilogram per Hour,Milliliter per Kilogram per Hour,0.0,no,yes,0.00%,,0,,,,
,VITALS370,CRI - Hydromorphone/Lidocaine/Ketamine (mg/kg/hr),,NOT FOR TRACKING,,Milligram per Kilogram per Hour,Milligram per Kilogram per Hour,0.0,no,yes,0.00%,,0,,,,
,VITALS205,CRI - Insulin (U/kg/hr),,NOT FOR TRACKING,,Unit per Kilogram per Hour,Unit per Kilogram per Hour,0.0,no,yes,0.00%,,0,,,,
,CRI,CRI - IV Fluid Drip (Inj. Included),,,,Each,Each,0.0,no,no,,99.5,0,,,,
,VITALS210,CRI - Ketamine (mg/kg/hr),,NOT FOR TRACKING,,Milligram per Kilogram per Hour,Milligram per Kilogram per Hour,0.0,no,yes,0.00%,,0,,,,
,VITALS213,CRI - Lidocaine (mg/kg/hr),,NOT FOR TRACKING,,Milligram per Kilogram per Hour,Milligram per Kilogram per Hour,0.0,no,yes,0.00%,,0,,,,
,VITALS234,CRI - Methocarbamol (mg/kg/hr),,NOT FOR TRACKING,,Milligram per Kilogram per Hour,Milligram per Kilogram per Hour,0.0,no,yes,0.00%,,0,,,,
,VITALS237,CRI - Metoclopramide (mg/kg/hr),,NOT FOR TRACKING,,Milligram per Kilogram per Hour,Milligram per Kilogram per Hour,0.0,no,yes,0.00%,,0,,,,
,VITALS239,CRI - Midazolam (mg/kg/hr),,NOT FOR TRACKING,,Milligram per Kilogram per Hour,Milligram per Kilogram per Hour,0.0,no,yes,0.00%,,0,,,,
,VITALS371,CRI - Morphine/Lidocaine/Ketamine (mg/kg/hr),,NOT FOR TRACKING,,Milligram per Kilogram per Hour,Milligram per Kilogram per Hour,0.0,no,yes,0.00%,,0,,,,
,VITALS118,CRI - NG/NE Tube Feeding (mL/hr),,NOT FOR TRACKING,,Milliliter per Hour,Milliliter per Hour,0.0,no,yes,0.00%,,0,,,,
,VITALS249,CRI - Norepinephrine (mcg/kg/min),,NOT FOR TRACKING,,Microgram per Kilogram per Minute,Microgram per Kilogram per Minute,0.0,no,yes,0.00%,,0,,,,
,VITALS251,CRI - Other,,NOT FOR TRACKING,,None,None,0.0,no,yes,0.00%,,0,,,,
,VITALS298,CRI - Phosphorus (KPhos) mEq/kg/hr,,NOT FOR TRACKING,,Milliequivalent per Kilogram per Hour,Milliequivalent per Kilogram per Hour,0.0,no,yes,0.00%,,0,,,,
,VITALS259,CRI - Phosphorus (KPhos) mmol/kg/hr,,NOT FOR TRACKING,,Millimole per Kilogram per Hour,Millimole per Kilogram per Hour,0.0,no,yes,0.00%,,0,,,,
,VITALS260,CRI - Potassium (KCL) (mEq/kg/hr),,NOT FOR TRACKING,,Milliequivalent per Kilogram per Hour,Milliequivalent per Kilogram per Hour,0.0,no,yes,0.00%,,0,,,,
,VITALS266,CRI - Propofol (mg/kg/min),,NOT FOR TRACKING,,Milligram per Kilogram per Minute,Milligram per Kilogram per Minute,0.0,no,yes,0.00%,,0,,,,
,VITALS310,CRI - Tube Feeding (mL/hr),,NOT FOR TRACKING,,Milliliter per Hour,Milliliter per Hour,0.0,no,yes,0.00%,,0,,,,
,VITALS373,CRI - Vetstarch 6% (mL/kg/hr),,NOT FOR TRACKING,,Milliliter per Kilogram per Hour,Milliliter per Kilogram per Hour,0.0,no,yes,0.00%,,0,,,,
,CRYO,Cryoprobe Surgery,,,,Each,Each,0.0,no,no,,85.0,0,,,,
,CSUFLO,CSU - Flow Cytometry w/ CBC,,,,Each,Each,159.0,no,no,,238.5,0,,,,
,USCYSTO,Cystocentesis - Ultrasound Assisted,,,,Each,Each,0.0,no,no,,30.5,0,,,,
,6500,Cytology Resubmit - Reduced Charge,,,,Each,Each,0.0,no,no,,0.0,0,,,,
,DS,De-shedding Fee,,,,Each,Each,50.0,no,no,,53.5,0,,,,
,530,Dental Cleaning Grade I,,,,Each,Each,0.0,no,no,,90.5,0,,,,
,531,Dental Cleaning Grade II,,,,Each,Each,0.0,no,no,,102.5,0,,,,
,531-3,Dental Cleaning Grade III,,,,Each,Each,0.0,no,no,,125.5,0,,,,
,DE1,"Dental Ext./ 101,102,103,201,202,203",,,,Each,Each,0.0,no,no,,17.5,0,,,,
,DE7,"Dental Ext./ 104,204,304,404",,,,Each,Each,0.0,no,no,,103.5,0,,,,
,DE2,"Dental Ext./ 105,205,305,405",,,,Each,Each,0.0,no,no,,24.5,0,,,,
,DE3,"Dental Ext./ 106,107,206,207",,,,Each,Each,0.0,no,no,,36.75,0,,,,
,DE6,"Dental Ext./ 108,109,208,209,309,409",,,,Each,Each,0.0,no,no,,87.5,0,,,,
,DE5,"Dental Ext./ 110,210,310,410,",,,,Each,Each,0.0,no,no,,32.5,0,,,,
,DE1A,"Dental Ext./ 301,302,303,401,402,403",,,,Each,Each,0.0,no,no,,17.5,0,,,,
,DE4,"Dental Ext./ 306,307,308,406,407,408",,,,Each,Each,0.0,no,no,,36.75,0,,,,
,532,Dental Extraction - Decidious Canine,,,,Each,Each,0.0,no,no,,38.5,0,,,,
,EXT1,Dental Extraction - Mobile Tooth,,,,Each,Each,0.0,no,no,,10.0,0,,,,
,533,Dental Extraction Complicated,,,,Each,Each,0.0,no,no,,150.0,0,,,,
,DEN1,Dental Grade 1,,,,Each,Each,0.0,no,no,,0.0,0,,,,
,DEN2,Dental Grade 2,,,,Each,Each,0.0,no,no,,0.0,0,,,,
,DEN3,Dental Grade 3,,,,Each,Each,0.0,no,no,,0.0,0,,,,
,DENREC,Dental Recheck,,,,Each,Each,0.0,no,no,,0.0,0,,,,
,DSK,Dental Sample Kit,,,,Each,Each,0.0,no,no,,0.0,0,,,,
,6129,Dermatopathology w/ Dermatology Consult,,,,Each,Each,140.79,no,no,,209.5,0,,,,
,DBS,Discard Blood Samples,,,,Each,Each,,no,yes,0.00%,,0,,,,
,NONBILL006,Discontinue CRI,,,,Each,Each,,no,yes,0.00%,,0,,,,
,NONBILL002,Discontinue IV fluids,,,,Each,Each,,no,yes,0.00%,,0,,,,
,NONBILL009,Discontinue Oxygen Administration,,,,Each,Each,,no,yes,0.00%,,0,,,,
,T565,"Distemper, Parvo & Vaccine Titer",,Vaccines,,Each,Each,65.52,no,no,,147.42,0,,,,
,537,Ear - Hematoma Repair,,,,Each,Each,0.0,no,no,,295.0,0,,,,
,EOPA,Ear - Oti Pack Admin.,,,,Each,Each,,no,no,,28.5,0,,,,
,BEF,Ear Flush,,,,Each,Each,0.0,no,no,,36.0,0,,,,
,BEFC,Ear Flush - Courtesy,,,,Each,Each,0.0,no,no,,0.0,0,,,,
,HEMCAN,Ear Hematoma with Cannula Placement,,,,Each,Each,0.0,no,no,,95.0,0,,,,
,ECHO,Echocardiogram (Thoracic Ultrasound),,,,Each,Each,325.0,no,no,,425.0,0,,,,
,ULT2,Echocardiogram with Abdominal Ultrasound,,,,Each,Each,0.0,no,no,,600.0,0,,,,
,EMPTRASH,Empty Trash ( TX/Lab/Pharmacy/Exam Rooms),,,,Each,Each,,no,yes,0.00%,,0,,,,
,VITALS121,Empty/Monitor Fecal Catheter Production,,NOT FOR TRACKING,,Each,Each,0.0,no,yes,0.00%,,0,,,,
,134,Enema Administration,,,,Each,Each,0.0,no,no,,56.5,0,,,,
,199,Exam - Acupuncture,,,,Each,Each,0.0,no,no,,180.0,0,,,,
,135B,Exam - Behavioral Consultation,,,,Each,Each,0.0,no,no,,175.0,0,,,,
,EF,Exam - Emergency Care,,,,Each,Each,0.0,no,no,,152.5,0,,,,
,EE,Exam - Exotic,,,,Each,Each,0.0,no,no,,84.5,0,,,,
,139,Exam - House Call,,,,Each,Each,0.0,no,no,,105.5,0,,,,
,142H,Exam - In Hospital,,,,Each,Each,0.0,no,no,,15.0,0,,,,
,137A,Exam - Litter (ea),,,,Each,Each,0.0,no,no,,28.5,0,,,,
,MPEEXOTI,Exam - Medical Progress Exotic,,,,Each,Each,0.0,no,no,,59.5,0,,,,
,BOVVEC,Exam - Medical Progress From VEC,,,,Each,Each,0.0,no,no,,49.5,0,,,,
,DRVSCON,Exam - Specialist Consultation,,,,Each,Each,0.0,no,no,,200.0,0,,,,
,UC,Exam - Urgent Care,,,,Each,Each,0.0,no,no,,96.5,0,,,,
,544,Eye - Entropion Repair ea,,,,Each,Each,0.0,no,no,,175.0,0,,,,
,EFTD,Eye/Flush tear ducts,,,,Each,Each,0.0,no,no,,40.5,0,,,,
,VITALS43,FAST Scan,,NOT FOR TRACKING,,Each,Each,0.0,no,yes,0.00%,,0,,,,
,FRRC,Fax/Online Refill Req Charge,,,,Each,Each,5.0,no,no,,5.0,0,,,,
,230,Fecal - Courtesy,,,,Each,Each,0.0,no,no,,0.0,0,,,,
,50100,Fecal (delayed) (IRL 50100),,,,Each,Each,0.0,no,no,,0.0,0,,,,
,VITALS09,Fecal Scoring,,NOT FOR TRACKING,,Each,Each,0.0,no,yes,0.00%,,0,,,,
,FS,Fecal Stain,,,,Each,Each,0.0,no,no,,34.5,0,,,,
,FECTRANS,Fecal Transplant,,,,Each,Each,0.0,no,no,,125.0,0,,,,
,FEDEXPU,Federal Express Pick-Up Fee,,,,Each,Each,110.0,no,no,,110.0,0,,,,
,FDTB,Feeding Tube Placement,,,,Each,Each,0.0,no,no,,125.0,0,,,,
,86027,Feline Comp Well w/ Fecal (IRL 28479999),,,,Each,Each,93.55,no,no,,229.5,0,,,,
,VAX015,Feline Leukemia (FeLV) Vaccine,,Vaccines,,Dose,Dose,0.0,no,no,,45.5,0,,,,
,FIVPCR,FIV RealPCR Test add-on,,,,Each,Each,119.66,no,no,,149.58,0,,,,
,VAX016,FIV Vaccine,,Vaccines,,Dose,Dose,0.0,no,no,,0.0,0,,,,
,350,Fluid Therapy - I.V.,,,,Each,Each,0.0,no,no,,106.5,0,,,,
,351,Fluid Therapy - SUBCUTANEOUS,,,,Milliliter,Each,0.0,no,no,,36.5,0,,,,
,IVFA,Fluid Therapy IV Additional,,,,Each,Each,0.0,no,no,,55.0,0,,,,
,FLU,Fluoride Treatment,,,,Each,Each,0.0,no,no,,25.0,0,,,,
,NONBILL180,Flush E-tube with Water,,,,Each,Each,,no,yes,0.00%,,0,,,,
,NONBILL062,Flush IV Catheter,,,,Each,Each,,no,yes,0.00%,,0,,,,
,NONBILL063,Flush Urinary Catheter,,,,Each,Each,,no,yes,0.00%,,0,,,,
,450.55,Fracture Repair - IM Pinning,,,,Each,Each,0.0,no,no,,830.0,0,,,,
,549,Fracture Repair- K-E Apparatus,,,,Each,Each,0.0,no,no,,0.0,0,,,,
,551,Fracture Repair-Mandibular Sym,,,,Each,Each,0.0,no,no,,0.0,0,,,,
,DXRAYC,Full Mouth Dental X-Rays ( Cat ),,,,Each,Each,0.0,no,no,,150.0,0,,,,
,DXRAY,Full Mouth Dental X-Rays ( Dog 0-50lbs),,,,Each,Each,0.0,no,no,,175.0,0,,,,
,DXRAYL,Full Mouth Dental X-Rays ( Dog 50+lbs),,,,Each,Each,0.0,no,no,,225.0,0,,,,
,FME,Full Mouth Extraction Feline,,,,Each,Each,0.0,no,no,,600.0,0,,,,
,400,Hospitalization - Day,,,,Each,Each,0.0,no,no,,52.75,0,,,,
,352,Hospitalization 1-15 lbs,,,,Each,Each,0.0,no,no,,58.5,0,,,,
,353,Hospitalization 15 -30 lbs,,,,Each,Each,0.0,no,no,,68.5,0,,,,
,354,Hospitalization 30-60 lbs,,,,Each,Each,0.0,no,no,,75.5,0,,,,
,355,Hospitalization over 60lbs,,,,Each,Each,0.0,no,no,,87.5,0,,,,
,IMMUNOTXINJ,Immunotherapy Injection Vials Initial TX (Set of 2),,,,Box,Box,185.94,no,no,,185.94,0,,,,
,CBC,In House Abx CBC,,,,Each,Each,7.45,no,no,,70.5,0,,,,
,AVCCP,In House Abx Critical Care Plus,,,,Each,Each,18.0,no,no,,36.0,0,,,,
,PHENOBAR,In House Abx Phenobarbital Chem Profile,,,,Each,Each,24.95,no,no,,49.9,0,,,,
,IHDBS,In House Direct Blood Smear,,,,Each,Each,0.0,no,no,,43.5,0,,,,
,FECD,In House Fecal Direct,,,,Each,Each,0.0,no,no,,37.5,0,,,,
,229,In House Fecal Float,,,,Each,Each,0.0,no,no,,37.5,0,,,,
,229A,In House Fecal Float & Direct,,,,Each,Each,0.0,no,no,,57.5,0,,,,
,FIVFELS,In House FIV/FeLV Combo Test,,,,Each,Each,13.0,no,no,,39.5,0,,,,
,F4RT,In House Flex 4 Rapid Test,,,,Each,Each,0.0,no,no,,36.5,0,,,,
,GLUC,In House Glucometer Test (Glucometer) (Record Vital),,NOT FOR TRACKING,,Each,Each,1.3,no,no,,18.5,0,,,,
,IHIBS,In house Imagyst Blood Smear,,,,Each,Each,0.0,no,no,,38.25,0,,,,
,IHIFG,In House Imagyst Fecal Giardia,,,,Each,Each,0.0,no,no,,48.75,0,,,,
,IHIFO,In House Imagyst Fecal Ova/Oocysts,,,,Each,Each,0.0,no,no,,57.5,0,,,,
,IHIURIN,In House Imagyst Urinalysis,,,,Each,Each,0.0,no,no,,60.5,0,,,,
,KST,In House Ketone Strip Test (Record Vital),,NOT FOR TRACKING,,Each,Each,10.0,no,no,,28.0,0,,,,
,IHLT,In House Lactate Test (Record Vital),,NOT FOR TRACKING,,Each,Each,35.0,no,no,,44.5,0,,,,
,PST,In House Parvo Test / Canine,,,,Each,Each,0.0,no,no,,45.5,0,,,,
,98,In House Pre-Anesthetic CBC/Prep Profile,,,,Each,Each,0.0,no,no,,78.5,0,,,,
,IHPTPTT,In House PT/PTT Combo Test,,,,Each,Each,20.37,no,no,,32.0,0,,,,
,IHTSH,In House TSH Test,,,,Each,Each,0.0,no,no,,42.5,0,,,,
,252,In House Urinalysis,,,,Each,Each,0.0,no,no,,55.25,0,,,,
,PTTPTIH,InCoag aPTT/PT CWB Test Kit,,,,Each,Each,30.87,no,no,,61.74,0,,,,
,INJCYTOP,Inj - Cytopoint Administration,,,,Each,Each,,yes,no,0.00%,44.5,0,,,,
,INJMF,Injectable Medication Adm. Fee,,,,Each,Each,,yes,no,0.00%,12.0,0,,,,
,ICU,Intensive / Critical Care,,,,Each,Each,0.0,no,no,,125.0,0,,,,
,NONBILL067,Issue Discharge Appointment,,,,Each,Each,,no,yes,0.00%,,0,,,,
,126F,IV Catheter / Fluids with Surgery,,,,Each,Each,0.0,no,no,,45.0,0,,,,
,VITALS54,IV Fluid Bolus,,NOT FOR TRACKING,,Milliliter,Milliliter,0.0,no,yes,0.00%,,0,,,,
,VITALS48,IV Fluids - 0.45% NaCl,,NOT FOR TRACKING,,Milliliter per Hour,Milliliter per Hour,0.0,no,yes,0.00%,,0,,,,
,VITALS49,IV Fluids - 0.45% NaCl + 5% Dextrose,,NOT FOR TRACKING,,Milliliter per Hour,Milliliter per Hour,0.0,no,yes,0.00%,,0,,,,
,VITALS47,IV Fluids - 0.9% NaCl,,NOT FOR TRACKING,,Milliliter per Hour,Milliliter per Hour,0.0,no,yes,0.00%,,0,,,,
,VITALS51,IV Fluids - D5W,,NOT FOR TRACKING,,Milliliter per Hour,Milliliter per Hour,0.0,no,yes,0.00%,,0,,,,
,VITALS52,IV Fluids - Hetastarch/Vetstarch,,NOT FOR TRACKING,,Milliliter per Hour,Milliliter per Hour,0.0,no,yes,0.00%,,0,,,,
,VITALS50,IV Fluids - Hypertonic Saline,,NOT FOR TRACKING,,Milliliter,Milliliter,0.0,no,yes,0.00%,,0,,,,
,VITALS44,IV Fluids - LRS,,NOT FOR TRACKING,,Milliliter per Hour,Milliliter per Hour,0.0,no,yes,0.00%,,0,,,,
,VITALS45,IV Fluids - Normosol R,,NOT FOR TRACKING,,Milliliter per Hour,Milliliter per Hour,0.0,no,yes,0.00%,,0,,,,
,VITALS53,IV Fluids - Other,,NOT FOR TRACKING,,Milliliter per Hour,Milliliter per Hour,0.0,no,yes,0.00%,,0,,,,
,VITALS46,IV Fluids - Plasmalyte,,NOT FOR TRACKING,,Milliliter per Hour,Milliliter per Hour,0.0,no,yes,0.00%,,0,,,,
,126S,IV Set / Surgery,,,,Each,Each,0.0,no,no,,15.0,0,,,,
,NONBILL068,Keep Bedding Clean,,,,Each,Each,,no,yes,0.00%,,0,,,,
,714,Kennel Care - Day Stay,,,,Each,Each,0.0,no,no,,20.25,0,,,,
,564,Knee Surgery - Cruciate Repair,,,,Each,Each,0.0,no,no,,1150.0,0,,,,
,563,Knee Surgery-Corrective,,,,Each,Each,0.0,no,no,,0.0,0,,,,
,ILABSHIP,Laboratory sample shipping and handling,,,,Each,Each,25.0,no,no,,25.0,0,,,,
,LAPBIO,Laparotomy / Biopsy - Prostate,,,,Each,Each,0.0,no,no,,280.0,0,,,,
,LASERPS,Laser Treatment - Post Surgery Incision,,,,Each,Each,0.0,no,no,,22.5,0,,,,
,LIAS,Lat. Imbrication/Antirotational Suture,,,,Each,Each,0.0,no,no,,0.0,0,,,,
,VAX019,Leptospirosis (4 serovar) Vaccine,,Vaccines,,Dose,Dose,0.0,no,no,,30.5,0,,,,
,567,Luxation Reduction-Closed,,,,Each,Each,0.0,no,no,,150.0,0,,,,
,568,Luxation Reduction-Open,,,,Each,Each,0.0,no,no,,0.0,0,,,,
,VAX020,Lyme Vaccine,,Vaccines,,Dose,Dose,0.0,no,no,,54.0,0,,,,
,NONBILL128,Make New Insulin CRI (q24hrs),,,,Each,Each,,no,yes,0.00%,,0,,,,
,MFR,Mandibular Fracture Repair,,,,Each,Each,0.0,no,no,,125.0,0,,,,
,NONBILL166,Mechanical Ventilator Therapy,,,,Each,Each,,no,yes,0.00%,,0,,,,
,BOV,Medical Progress Exam,,,,Each,Each,0.0,no,no,,49.5,0,,,,
,MED,Medication Administration in Hospital,,,,Each,Each,0.0,no,no,,6.5,0,,,,
,MEDCS,Medication Cutting Service,,,,Each,Each,0.0,no,no,,2.0,0,,,,
,MSCTX,Misc Treatment,,,,Each,Each,0.0,no,no,,0.0,0,,,,
,NONBILL087,Monitor for Any Reactions,,,,Each,Each,,no,yes,0.00%,,0,,,,
,VITALS75,Monitor Level of Sedation,,NOT FOR TRACKING,,Each,Each,0.0,no,yes,0.00%,,0,,,,
,NONBILL088,Monitor Transfusion,,,,Each,Each,,no,yes,0.00%,,0,,,,
,NOCP,Nasal Oxygen Catheter Placement,,,,Each,Each,0.0,no,no,,37.5,0,,,,
,574,Nasolacrimal Flush,,,,Each,Each,0.0,no,no,,40.0,0,,,,
,NCSUAGT,NCSU Boxer ARVC1 & ARVC2 Combo Gen. Test,,,,Each,Each,70.0,no,no,,157.5,0,,,,
,NCSUDCM,NCSU Doberman DCM Genetic Test,,,,Each,Each,0.0,no,no,,102.0,0,,,,
,NONBILL089,Nebulization - q6 (No Charge),,,,Each,Each,,no,yes,0.00%,,0,,,,
,NONBILL074,Note / Measure Discharge,,,,Each,Each,,no,yes,0.00%,,0,,,,
,NONBILL097,Note Quality of Discharge / Fluid,,,,Each,Each,,no,yes,0.00%,,0,,,,
,OFAF,OFA Fee,,,,Each,Each,0.0,no,no,,45.0,0,,,,
,OM-REJJC30,OM Rejensa Joint Care Chew 30ct Tub,,,,Tablet,Tablet,,no,yes,0.00%,,0,,,,
,OM-REJJCC60,OM Rejensa Joint Care Chew 60ct Tub,,,,Tablet,Tablet,,no,yes,0.00%,,0,,,,
,OM-ITRIZ16,OM TRIZEDTA Flush 16oz Bottle,,,,Each,Each,,no,yes,0.00%,,0,,,,
,ORFEE,Operating Room Fee,,,,Each,Each,0.0,no,no,,300.0,0,,,,
,NONBILL154,Oral Care,,,,Each,Each,,no,yes,0.00%,,0,,,,
,DONFR,Oronasal Fistula Repair,,,,Each,Each,0.0,no,no,,103.5,0,,,,
,NONBILL003,Other - Administer Ear Medication 1,,,,Each,Each,,no,yes,0.00%,,0,,,,
,OTNBUPDT057,Other - Administer Ear Medication 10,,,,Each,Each,,no,yes,0.00%,,0,,,,
,OTNBUPDT001,Other - Administer Ear Medication 2,,,,Each,Each,,no,yes,0.00%,,0,,,,
,OTNBUPDT008,Other - Administer Ear Medication 3,,,,Each,Each,,no,yes,0.00%,,0,,,,
,OTNBUPDT015,Other - Administer Ear Medication 4,,,,Each,Each,,no,yes,0.00%,,0,,,,
,OTNBUPDT022,Other - Administer Ear Medication 5,,,,Each,Each,,no,yes,0.00%,,0,,,,
,OTNBUPDT029,Other - Administer Ear Medication 6,,,,Each,Each,,no,yes,0.00%,,0,,,,
,OTNBUPDT036,Other - Administer Ear Medication 7,,,,Each,Each,,no,yes,0.00%,,0,,,,
,OTNBUPDT043,Other - Administer Ear Medication 8,,,,Each,Each,,no,yes,0.00%,,0,,,,
,OTNBUPDT050,Other - Administer Ear Medication 9,,,,Each,Each,,no,yes,0.00%,,0,,,,
,NONBILL004,Other - Administer Eye Medication 1,,,,Each,Each,,no,yes,0.00%,,0,,,,
,OTNBUPDT058,Other - Administer Eye Medication 10,,,,Each,Each,,no,yes,0.00%,,0,,,,
,OTNBUPDT002,Other - Administer Eye Medication 2,,,,Each,Each,,no,yes,0.00%,,0,,,,
,OTNBUPDT009,Other - Administer Eye Medication 3,,,,Each,Each,,no,yes,0.00%,,0,,,,
,OTNBUPDT016,Other - Administer Eye Medication 4,,,,Each,Each,,no,yes,0.00%,,0,,,,
,OTNBUPDT023,Other - Administer Eye Medication 5,,,,Each,Each,,no,yes,0.00%,,0,,,,
,OTNBUPDT030,Other - Administer Eye Medication 6,,,,Each,Each,,no,yes,0.00%,,0,,,,
,OTNBUPDT037,Other - Administer Eye Medication 7,,,,Each,Each,,no,yes,0.00%,,0,,,,
,OTNBUPDT044,Other - Administer Eye Medication 8,,,,Each,Each,,no,yes,0.00%,,0,,,,
,OTNBUPDT051,Other - Administer Eye Medication 9,,,,Each,Each,,no,yes,0.00%,,0,,,,
,NONBILL001,Other - Administer Feeding Tube Medication 1,,,,Each,Each,,no,yes,0.00%,,0,,,,
,OTNBUPDT059,Other - Administer Feeding Tube Medication 10,,,,Each,Each,,no,yes,0.00%,,0,,,,
,OTNBUPDT003,Other - Administer Feeding Tube Medication 2,,,,Each,Each,,no,yes,0.00%,,0,,,,
,OTNBUPDT010,Other - Administer Feeding Tube Medication 3,,,,Each,Each,,no,yes,0.00%,,0,,,,
,OTNBUPDT017,Other - Administer Feeding Tube Medication 4,,,,Each,Each,,no,yes,0.00%,,0,,,,
,OTNBUPDT024,Other - Administer Feeding Tube Medication 5,,,,Each,Each,,no,yes,0.00%,,0,,,,
,OTNBUPDT031,Other - Administer Feeding Tube Medication 6,,,,Each,Each,,no,yes,0.00%,,0,,,,
,OTNBUPDT038,Other - Administer Feeding Tube Medication 7,,,,Each,Each,,no,yes,0.00%,,0,,,,
,OTNBUPDT045,Other - Administer Feeding Tube Medication 8,,,,Each,Each,,no,yes,0.00%,,0,,,,
,OTNBUPDT052,Other - Administer Feeding Tube Medication 9,,,,Each,Each,,no,yes,0.00%,,0,,,,
,NONBILL132,Other - Administer Injectable Medication 1,,,,Each,Each,,no,yes,0.00%,,0,,,,
,OTNBUPDT060,Other - Administer Injectable Medication 10,,,,Each,Each,,no,yes,0.00%,,0,,,,
,OTNBUPDT004,Other - Administer Injectable Medication 2,,,,Each,Each,,no,yes,0.00%,,0,,,,
,OTNBUPDT011,Other - Administer Injectable Medication 3,,,,Each,Each,,no,yes,0.00%,,0,,,,
,OTNBUPDT018,Other - Administer Injectable Medication 4,,,,Each,Each,,no,yes,0.00%,,0,,,,
,OTNBUPDT025,Other - Administer Injectable Medication 5,,,,Each,Each,,no,yes,0.00%,,0,,,,
,OTNBUPDT032,Other - Administer Injectable Medication 6,,,,Each,Each,,no,yes,0.00%,,0,,,,
,OTNBUPDT039,Other - Administer Injectable Medication 7,,,,Each,Each,,no,yes,0.00%,,0,,,,
,OTNBUPDT046,Other - Administer Injectable Medication 8,,,,Each,Each,,no,yes,0.00%,,0,,,,
,OTNBUPDT053,Other - Administer Injectable Medication 9,,,,Each,Each,,no,yes,0.00%,,0,,,,
,NONBILL133,Other - Administer Oral Medication 1,,,,Each,Each,,no,yes,0.00%,,0,,,,
,OTNBUPDT061,Other - Administer Oral Medication 10,,,,Each,Each,,no,yes,0.00%,,0,,,,
,OTNBUPDT005,Other - Administer Oral Medication 2,,,,Each,Each,,no,yes,0.00%,,0,,,,
,OTNBUPDT012,Other - Administer Oral Medication 3,,,,Each,Each,,no,yes,0.00%,,0,,,,
,OTNBUPDT019,Other - Administer Oral Medication 4,,,,Each,Each,,no,yes,0.00%,,0,,,,
,OTNBUPDT026,Other - Administer Oral Medication 5,,,,Each,Each,,no,yes,0.00%,,0,,,,
,OTNBUPDT033,Other - Administer Oral Medication 6,,,,Each,Each,,no,yes,0.00%,,0,,,,
,OTNBUPDT040,Other - Administer Oral Medication 7,,,,Each,Each,,no,yes,0.00%,,0,,,,
,OTNBUPDT047,Other - Administer Oral Medication 8,,,,Each,Each,,no,yes,0.00%,,0,,,,
,OTNBUPDT054,Other - Administer Oral Medication 9,,,,Each,Each,,no,yes,0.00%,,0,,,,
,NONBILL076,Other - Miscellaneous Treatment 1,,,,Each,Each,,no,yes,0.00%,,0,,,,
,OTNBUPDT063,Other - Miscellaneous Treatment 10,,,,Each,Each,,no,yes,0.00%,,0,,,,
,OTNBUPDT007,Other - Miscellaneous Treatment 2,,,,Each,Each,,no,yes,0.00%,,0,,,,
,OTNBUPDT014,Other - Miscellaneous Treatment 3,,,,Each,Each,,no,yes,0.00%,,0,,,,
,OTNBUPDT021,Other - Miscellaneous Treatment 4,,,,Each,Each,,no,yes,0.00%,,0,,,,
,OTNBUPDT028,Other - Miscellaneous Treatment 5,,,,Each,Each,,no,yes,0.00%,,0,,,,
,OTNBUPDT035,Other - Miscellaneous Treatment 6,,,,Each,Each,,no,yes,0.00%,,0,,,,
,OTNBUPDT042,Other - Miscellaneous Treatment 7,,,,Each,Each,,no,yes,0.00%,,0,,,,
,OTNBUPDT049,Other - Miscellaneous Treatment 8,,,,Each,Each,,no,yes,0.00%,,0,,,,
,OTNBUPDT056,Other - Miscellaneous Treatment 9,,,,Each,Each,,no,yes,0.00%,,0,,,,
,OTOSCOPE,Otoscopes - Plug In/Clean Ear Cones & Brush Tube,,,,Each,Each,,no,yes,0.00%,,0,,,,
,OVNGHT,Overnight Hospital Care,,,,Each,Each,0.0,no,no,,325.0,0,,,,
,VITALS21,Oxygen Administration %,,NOT FOR TRACKING,,Each,Each,0.0,no,yes,0.00%,,0,,,,
,VITALS22,Oxygen Administration L/Min,,NOT FOR TRACKING,,Each,Each,0.0,no,yes,0.00%,,0,,,,
,IONC,Oxygen Nasal Cannula,,,,Each,Each,4.4,no,no,,0.0,0,,,,
,OXYTANKF,Oxygen Tank Rental Fee,,,,Each,Each,0.0,no,no,,180.0,0,,,,
,OT,Oxygen Therapy/per hour,,,,Each,Each,0.0,no,no,,24.5,0,,,,
,FILENAIL,Pedi - File / Dremel Nails (With Bath),,,,Each,Each,0.0,no,no,,15.5,0,,,,
,166,Pedicure,,,,Each,Each,0.0,no,no,,24.0,0,,,,
,167,Pedicure - Courtesy,,,,Each,Each,0.0,no,no,,0.0,0,,,,
,166D,Pedicure - Difficult,,,,Each,Each,0.0,no,no,,34.0,0,,,,
,PFF,Pedicure - Footsie Friday,,,,Each,Each,0.0,no,no,,5.0,0,,,,
,PWD,Pedicure - With Dremel Tool,,,,Each,Each,0.0,no,no,,37.25,0,,,,
,NMPLT,Pet's Name Engraved on Brass Name Plate,,,,Each,Each,13.8,no,no,,13.8,0,,,,
,ENGRAVIN,Pet's Name Engraved on Urn,,,,Each,Each,35.0,no,no,,35.0,0,,,,
,137P,Phlebotomy Lab Blood,,,,Each,Each,0.0,no,no,,4.0,0,,,,
,137,Physical Exam,,,,Each,Each,0.0,no,no,,66.5,0,,,,
,NONBILL202,Pleural Port Care - Daily,,,,Each,Each,,no,yes,0.00%,,0,,,,
,IF107,Postage / Shipping Charge,,,,Each,Each,0.0,no,no,,0.0,0,,,,
,NONBILL215,Prepare Patient for Discharge,,,,Each,Each,,no,yes,0.00%,,0,,,,
,VITALS37,Pulse Oximetry (SpO2),,NOT FOR TRACKING,,Each,Each,0.0,no,yes,0.00%,,0,,,,
,VITALS04,Pulse Quality,,NOT FOR TRACKING,,Each,Each,0.0,no,yes,0.00%,,0,,,,
,VITALS03,Pulse/Heart Rate,,NOT FOR TRACKING,,Each,Each,0.0,no,yes,0.00%,,0,,,,
,BIOPSY,Punch Biopsy,,,,Each,Each,0.0,no,no,,85.0,0,,,,
,PFNF5.5,Purina Feline NF Early Care 5.5 oz,,,,Each,Each,1.96,no,no,,2.94,0,,,,
,VAX022,Rabies Vaccine (Canine) 1yr,,Vaccines,,Dose,Dose,0.0,no,no,,18.5,0,,,,
,VAX023,Rabies Vaccine (Feline) 3yr,,Vaccines,,Dose,Dose,0.0,no,no,,35.0,0,,,,
,VAX029,Rabies Vaccine (Ferret),,Vaccines,,Dose,Dose,0.0,no,no,,0.0,0,,,,
,304,Radiology - Pregnancy Check,,,,Each,Each,0.0,no,no,,120.0,0,,,,
,303,Radiology - Radiologist Consult,,,,Each,Each,104.5,no,no,,155.25,0,,,,
,VAX028,Rattlesnake Vaccine,,Vaccines,,Dose,Dose,0.0,no,no,,0.0,0,,,,
,585,Rectal Prolapse-Reduction,,,,Each,Each,0.0,no,no,,0.0,0,,,,
,T9810,Relaxin ( hormone test ),,,,Each,Each,0.0,no,no,,0.0,0,,,,
,NONBILL206,Remove Arterial Catheter,,,,Each,Each,,no,yes,0.00%,,0,,,,
,NONBILL112,Remove Bandage,,,,Each,Each,,no,yes,0.00%,,0,,,,
,NONBILL107,Remove Central Line Catheter,,,,Each,Each,,no,yes,0.00%,,0,,,,
,NONBILL208,Remove Fecal Foley Catheter,,,,Each,Each,,no,yes,0.00%,,0,,,,
,NONBILL110,Remove Holter Monitor,,,,Each,Each,,no,yes,0.00%,,0,,,,
,NONBILL111,Remove IV Catheter,,,,Each,Each,,no,yes,0.00%,,0,,,,
,NONBILL115,Remove Urinary Catheter,,,,Each,Each,,no,yes,0.00%,,0,,,,
,ETE,Repair of Eversion of Third Eyelid,,,,Each,Each,0.0,no,no,,310.0,0,,,,
,NONBILL118,Restart IV Fluids After Transfusion,,,,Each,Each,,no,yes,0.00%,,0,,,,
,RESPD,Restock Pill Drawer,,,,Each,Each,,no,yes,0.00%,,0,,,,
,RSD,Restock Syringe Drawers (Pharmacy & Treatment),,,,Each,Each,,no,yes,0.00%,,0,,,,
,RXF,RX fee,,,,Each,Each,0.0,no,no,,5.0,0,,,,
,RX-REJJC30,RX Rejensa Joint Care Chew 30ct Tub,,,,Each,Each,32.31,no,no,,64.62,0,,,,
,RX-REJJCC60,RX Rejensa Joint Care Chew 60ct Tub,,,,Each,Each,67.28,no,no,,134.56,0,,,,
,RX-ITRIZ16,RX TRIZEDTA Flush 16oz Bottle,,,,Each,Each,24.9,no,no,,49.8,0,,,,
,SC,Sanitary clip,,,,Each,Each,0.0,no,no,,24.0,0,,,,
,NONBILL165,Save Blood Tubes,,,,Each,Each,,no,yes,0.00%,,0,,,,
,236,Schirmer tear test (Record Vitals),,NOT FOR TRACKING,,Each,Each,0.0,no,no,,42.5,0,,,,
,VITALS122,Schirmer Tear Test (STT) - OD,,NOT FOR TRACKING,,Each,Each,0.0,no,yes,0.00%,,0,,,,
,VITALS123,Schirmer Tear Test (STT) - OS,,NOT FOR TRACKING,,Each,Each,0.0,no,yes,0.00%,,0,,,,
,SHIPRX,Shipping charges,,,,Each,Each,0.0,no,no,,3.0,0,,,,
,SPICA,Spica Splint (Fiberglass),,,,Each,Each,0.0,no,no,,173.0,0,,,,
,SNR,Stenotic Nares Repair,,,,Each,Each,0.0,no,no,,300.0,0,,,,
,STOPFECA,Stop Fecal,,,,Each,Each,0.0,no,no,,0.0,0,,,,
,STOPWELL,Stop Wellness Exam,,,,Each,Each,0.0,no,no,,0.0,0,,,,
,SRSB,Stress Reducing Supplement for Boarding,,,,Each,Each,0.0,no,no,,2.25,0,,,,
,142S,Suture Removal,,,,Each,Each,0.0,no,no,,0.0,0,,,,
,SWEEP,Sweep (Treatment/SX/Lab/Pharmacy/X-Ray/Autoclave),,,,Each,Each,,no,yes,0.00%,,0,,,,
,VITALS43a,T-FAST Scan,,NOT FOR TRACKING,,Each,Each,0.0,no,yes,0.00%,,0,,,,
,TCF,Technician Consult Fee,,,,Each,Each,0.0,no,no,,21.5,0,,,,
,VITALS16,Total Ins (critical care),,NOT FOR TRACKING,,Each,Each,0.0,no,yes,0.00%,,0,,,,
,VITALS17,Total Outs (critical care),,NOT FOR TRACKING,,Each,Each,0.0,no,yes,0.00%,,0,,,,
,TOXI,Toxiban Administration (Orogastric Tube),,,,Each,Each,0.0,no,no,,57.5,0,,,,
,VITALS70,Transfusion - Albumin (Canine),,NOT FOR TRACKING,,Milliliter per Hour,Milliliter per Hour,0.0,no,yes,0.00%,,0,,,,
,VITALS71,Transfusion - Albumin (Human),,NOT FOR TRACKING,,Milliliter per Hour,Milliliter per Hour,0.0,no,yes,0.00%,,0,,,,
,VITALS66,Transfusion - Cryoprecipitate,,NOT FOR TRACKING,,Milliliter per Hour,Milliliter per Hour,0.0,no,yes,0.00%,,0,,,,
,VITALS72,Transfusion - IVIG,,NOT FOR TRACKING,,Milliliter per Hour,Milliliter per Hour,0.0,no,yes,0.00%,,0,,,,
,VITALS73,Transfusion - Other,,NOT FOR TRACKING,,Milliliter per Hour,Milliliter per Hour,0.0,no,yes,0.00%,,0,,,,
,VITALS65,Transfusion - Plasma (Cryo-poor),,NOT FOR TRACKING,,Milliliter per Hour,Milliliter per Hour,0.0,no,yes,0.00%,,0,,,,
,VITALS63,Transfusion - Plasma (FFP),,NOT FOR TRACKING,,Milliliter per Hour,Milliliter per Hour,0.0,no,yes,0.00%,,0,,,,
,VITALS64,Transfusion - Plasma (FP),,NOT FOR TRACKING,,Milliliter per Hour,Milliliter per Hour,0.0,no,yes,0.00%,,0,,,,
,VITALS62,Transfusion - pRBC,,NOT FOR TRACKING,,Milliliter per Hour,Milliliter per Hour,0.0,no,yes,0.00%,,0,,,,
,VITALS67a,Transfusion - Whole Blood (donor blood),,NOT FOR TRACKING,,Milliliter per Hour,Milliliter per Hour,0.0,no,yes,0.00%,,0,,,,
,VITALS67,Transfusion - Whole Blood (stored blood),,NOT FOR TRACKING,,Milliliter per Hour,Milliliter per Hour,0.0,no,yes,0.00%,,0,,,,
,TTSHT,Truforma TSH Test,,,,Each,Each,45.5,no,no,,91.0,0,,,,
,UCDHGT,UC Davis Hyperuricosuria Genetic Test,,,,Each,Each,0.0,no,no,,100.0,0,,,,
,UBS,Ultrasound - Butterfly (Single Organ),,,,Each,Each,0.0,no,no,,55.5,0,,,,
,FAST,Ultrasound - POCUS / FAST,,,,Each,Each,0.0,no,no,,125.0,0,,,,
,ULTPREG,Ultrasound - Pregnancy Check,,,,Each,Each,0.0,no,no,,115.0,0,,,,
,USCENT,Ultrasound Assisted Centesis,,,,Each,Each,0.0,no,no,,28.5,0,,,,
,ULTFNA,Ultrasound Guided Needle Biopsy,,,,Each,Each,0.0,no,no,,84.5,0,,,,
,ULTBIO,Ultrasound Guided Trucut Biopsy,,,,Each,Each,0.0,no,no,,143.5,0,,,,
,UOGFC,Univ. of Georgia - Flow Cytometry w/ CBC,,,,Each,Each,150.5,no,no,,238.5,0,,,,
,UOTXSX,Unplug Oxygen in TX/ SX,,,,Each,Each,,no,yes,0.00%,,0,,,,
,2326,Urinalysis w/ Reflex UPC,,,,Each,Each,31.09,no,no,,73.5,0,,,,
,NONBILL125,Urinary Catheter Care / Cleaning,,,,Each,Each,,no,yes,0.00%,,0,,,,
,NONBILL162,VAC Care,,,,Each,Each,,no,yes,0.00%,,0,,,,
,1291,Vaccine Panel by SVN/HI—Canine Titer,,Vaccines,,Each,Each,39.45,no,no,,93.5,0,,,,
,I7290,VetScan Critical Care Plus,,,,Each,Each,18.0,no,no,,18.9,0,,,,
,WFLCTIL,Wash Fecal Loops/Cups/Trays in Lab,,,,Each,Each,,no,yes,0.00%,,0,,,,
,WDT,Water Deprivation Test,,,,Each,Each,85.0,no,no,,95.0,0,,,,
,VITALS01,Weight,,NOT FOR TRACKING,,Each,Each,0.0,no,yes,0.00%,,0,,,,
,170,Wound Care - Cleansing/Medicate,,,,Each,Each,0.0,no,no,,69.5,0,,,,
,XRCTTS,X-Ray - Clean Table Top/Sides,,,,Each,Each,,no,yes,0.00%,,0,,,,
,XRTB,X-Ray - Turn Off Breaker,,,,Each,Each,,no,yes,0.00%,,0,,,,
